,Date,Algo 1,Algo 2
0,2014-05-28,0.0017446466944906,
1,2014-05-29,0.0039780671224302,
2,2014-05-30,0.0044641544491456,
3,2014-06-02,0.0056924077928739,
4,2014-06-03,0.0052922548574696,
5,2014-06-04,-0.0018375735151921,
6,2014-06-05,0.0040623899038395,0.0132850478592028
7,2014-06-06,0.0018566535271754,0.0082837711938497
8,2014-06-09,-0.0050116417254951,0.0056681085284448
9,2014-06-10,0.0044060547305921,-0.0007354920754258
10,2014-06-11,0.004760098111486,-0.0037612790592383
11,2014-06-12,-2.823658444159501e-05,-0.0038411294061609
12,2014-06-13,0.0019173935356267,-0.0008143888607544
13,2014-06-16,0.001084026429456,0.0018306830134896
14,2014-06-17,0.0009220495467447,0.0068697100254122
15,2014-06-18,-0.0063033411754054,0.0072282162048641
16,2014-06-19,-0.0008528868558436,0.0039889475767817
17,2014-06-20,0.0063976208864215,0.0039284990816965
18,2014-06-23,-0.0045322592622181,-0.0006147431802631
19,2014-06-24,0.0118612750978337,-0.0093890940988111
20,2014-06-25,-0.0013214028696439,0.0063224590505043
21,2014-06-26,-0.0002127181257784,-0.0003335179834055
22,2014-06-27,0.0071361364302687,0.0045949245140577
23,2014-06-30,-0.0015836216300565,0.0052421591318199
24,2014-07-01,0.0018174824626382,0.0077103929392572
25,2014-07-02,0.0032997794281187,-0.0028338267035524
26,2014-07-03,0.0013577194261448,0.0031250951868598
27,2014-07-07,0.0027818636553532,-0.0122575740365681
28,2014-07-08,0.0024881253574092,-0.010457268201887
29,2014-07-09,-0.0018809247220774,0.0044271197769713
30,2014-07-10,-0.0011531534959454,-0.0112137804053471
31,2014-07-11,-0.0003658193671289,0.0027801397669089
32,2014-07-14,0.0044603221215334,0.0046140647555327
33,2014-07-15,-0.0021063883898672,-0.0077988162129442
34,2014-07-16,-0.003186335054902,0.0001092387347035
35,2014-07-17,-0.009029619474488,-0.0080562347749191
36,2014-07-18,0.0122652448333353,0.008167202519394
37,2014-07-21,-0.004785684737446,0.0001700758126434
38,2014-07-22,0.0076197135136342,0.0041528956980944
39,2014-07-23,0.0021532885567249,0.0001089120701675
40,2014-07-24,-0.0024857972959861,-0.0028715123351462
41,2014-07-25,-0.0034659663762372,-0.0026411640632353
42,2014-07-28,-0.0089519282231263,-0.0032856980644952
43,2014-07-29,0.0045111341131635,-0.0011742277757999
44,2014-07-30,0.0087909426062577,0.0001643908628337
45,2014-07-31,-0.0014077209495477,-0.0162064572267935
46,2014-08-01,-0.0008597108004017,-0.0036132451880651
47,2014-08-04,0.0006889860058863,0.0005876221785659
48,2014-08-05,-0.0022057330996872,-0.0039195878363943
49,2014-08-06,0.0056920632669951,0.0038491099319249
50,2014-08-07,-0.0016453692082982,-0.0045162244830903
51,2014-08-08,0.0013194725986463,0.0077354586804779
52,2014-08-11,0.0002137769233988,0.0066135936539627
53,2014-08-12,0.0051435080172434,-0.0042266586305552
54,2014-08-13,0.0036634823894547,0.0069316579109254
55,2014-08-14,-0.0024179365594439,0.0002980400377518
56,2014-08-15,-1.796604559971878e-05,-0.0002618733308066
57,2014-08-18,-0.0049576343378147,0.011767294203932
58,2014-08-19,-0.0022663626601018,0.0027420819101058
59,2014-08-20,0.0040749051078164,-0.0020019474825369
60,2014-08-21,0.0018342696117931,0.0020101921825866
61,2014-08-22,-0.0051662621655507,-0.0002348943955294
62,2014-08-25,-0.0089664842960428,0.0052418813385942
63,2014-08-26,0.0012203827828643,0.0047191956835265
64,2014-08-27,0.0008429477000615,5.306289360048227e-05
65,2014-08-28,0.0017088433846949,-0.0030426857053632
66,2014-08-29,4.161574118894274e-05,0.0060664517459874
67,2014-09-02,-0.0052227521807819,0.0042135134427447
68,2014-09-03,0.0060504953601243,-0.0022174190295434
69,2014-09-04,-0.0021931340403437,-0.001654461951798
70,2014-09-05,0.0003790485857775,0.002718494438971
71,2014-09-08,-0.002510667537819,-0.0015818411917747
72,2014-09-09,0.0029972634628351,-0.0076697993055631
73,2014-09-10,-0.0060983047374069,0.0024293199163701
74,2014-09-11,0.000753773121725,0.0009625809317649
75,2014-09-12,-0.0014479522681444,-0.0066185163027427
76,2014-09-15,0.0073197037073672,-0.0074066528909837
77,2014-09-16,-0.0006233255944013,0.0036065638286166
78,2014-09-17,0.002087964283031,0.0004680821330644
79,2014-09-18,0.0002826757770559,0.0027274743998529
80,2014-09-19,-0.0032869798302105,-0.004640941768575
81,2014-09-22,-0.0078457079734187,-0.0118801920680187
82,2014-09-23,-0.0005115762524437,-0.007547696203287
83,2014-09-24,0.0058688467580057,0.0072439542238103
84,2014-09-25,-0.004803681175162,-0.0121408324324821
85,2014-09-26,0.0010268199284051,0.0064753928451501
86,2014-09-29,0.0004963041341547,-0.001107129699372
87,2014-09-30,-0.0033698177198608,-0.0060970454613762
88,2014-10-01,-0.0031346709738399,-0.0129489024141932
89,2014-10-02,0.0023509808331083,0.0042658756510023
90,2014-10-03,-0.0028487547277403,0.0066428602825985
91,2014-10-06,-0.0028764308739218,-0.0056222429579977
92,2014-10-07,-0.0012776852873146,-0.0146628466368704
93,2014-10-08,-0.0063806389797179,0.0103248653614312
94,2014-10-09,-0.0158387321331301,-0.018759904183276
95,2014-10-10,-0.0126118409141605,-0.0117518771211062
96,2014-10-13,-0.0185281849112017,-0.0020087733919868
97,2014-10-14,0.0007022235588284,0.0045010010432744
98,2014-10-15,0.0216156057914177,-0.0009768041861381
99,2014-10-16,0.0982461777779273,0.0837340104885797
100,2014-10-17,0.0216649377145577,-0.0002759181662814
101,2014-10-20,0.0050372944301364,0.0048969519898538
102,2014-10-21,0.0214179299976354,0.0108151476180679
103,2014-10-22,0.0010178626446067,-0.0094790944687638
104,2014-10-23,-0.0043274907441905,0.0099673480072783
105,2014-10-24,-0.0027091679821163,0.0041003422550498
106,2014-10-27,-0.0064178132748214,-0.0031924535525267
107,2014-10-28,-0.0092678948833682,0.0211330427029878
108,2014-10-29,0.0055233230595658,-0.0033143369217443
109,2014-10-30,-0.0099404597049154,0.0127657000080374
110,2014-10-31,0.004943082658218,0.0058876587343639
111,2014-11-03,-0.0058077266125354,-0.0019695073333629
112,2014-11-04,-0.0079112545542574,-0.0021844261974631
113,2014-11-05,0.0051019778014252,0.0004734688562358
114,2014-11-06,-0.0014468461483129,0.0016594144976117
115,2014-11-07,0.0166861272280394,0.0006036195253431
116,2014-11-10,-0.0066273337409075,0.0040249733833709
117,2014-11-11,0.0044628714090015,-0.0011068914040755
118,2014-11-12,-0.0003235259315134,0.0029718331661815
119,2014-11-13,-0.0044474005936493,-0.0060874713420364
120,2014-11-14,0.0085974690826392,-0.0023521611031525
121,2014-11-17,-0.0046568782353364,-0.0060848408100774
122,2014-11-18,0.0061370277461044,0.0024748986250978
123,2014-11-19,-0.003073948104575,-0.0058610195176887
124,2014-11-20,0.0014048381970839,0.0052984790443793
125,2014-11-21,-0.0009987721343116,0.0034948667054801
126,2014-11-24,0.0021825476704901,0.0048735101316842
127,2014-11-25,-0.0004441176969326,0.0025140642764289
128,2014-11-26,-4.854397162287922e-05,0.003768765076821
129,2014-11-28,0.001051626360292,-0.0169075785008676
130,2014-12-01,-0.0065211356625952,-0.011823793443086
131,2014-12-02,-0.0050825902878476,0.008600137447059
132,2014-12-03,0.0024140707011325,0.0075791513046564
133,2014-12-04,-0.0065197264385377,-0.0015100398067872
134,2014-12-05,-0.0076984707510655,0.0048892030679695
135,2014-12-08,-0.0215221130523752,-0.0073822058863898
136,2014-12-09,0.0105786750318875,0.0044096372868437
137,2014-12-10,-0.0160319297435535,-0.0150210278119334
138,2014-12-11,-0.0029053972047924,0.0011015687272078
139,2014-12-12,-0.0104934713572548,-0.0061980488293569
140,2014-12-15,-0.0161082927066469,-0.0058098566569248
141,2014-12-16,0.0078265545470694,-0.0042537846644147
142,2014-12-17,0.0180291286246456,0.0178456339093186
143,2014-12-18,0.0022004171617791,0.01415337572003
144,2014-12-19,0.0123357968270608,-0.0018399931010982
145,2014-12-22,-0.0039162171363488,0.0069397868219153
146,2014-12-23,0.0024656309178689,0.000157860509866
147,2014-12-24,0.0055680275724127,0.0039941106124317
148,2014-12-26,0.0029590447304559,0.0057276786932273
149,2014-12-29,0.0015273941331909,0.0017628831847811
150,2014-12-30,0.0060724763856951,-0.0020735315065397
151,2014-12-31,0.008769902740227,-0.004627705715107
152,2015-01-02,0.0128278634156905,6.051421929631992e-05
153,2015-01-05,0.0137115525376193,-0.0156212258071178
154,2015-01-06,0.0023066118375433,-0.0119836651094651
155,2015-01-07,0.0034733250812001,0.0094175820324149
156,2015-01-08,0.0036806805457334,0.0128696009185999
157,2015-01-09,-0.0094360631580512,-0.0018813114953076
158,2015-01-12,-0.019423143269161,-0.0022816899310019
159,2015-01-13,0.0069748927396167,-0.0033986356753296
160,2015-01-14,-0.0012039023721243,-0.0030583548222872
161,2015-01-15,-0.006852334803841,-0.0090037783190763
162,2015-01-16,0.0028418964999143,0.0121214133514004
163,2015-01-20,-0.0122114296941684,-0.0008329190667121
164,2015-01-21,0.0091594271257458,-0.0015644624843056
165,2015-01-22,0.0067346553712953,0.0114755348750538
166,2015-01-23,0.0012282288956019,-0.0009072238599767
167,2015-01-26,0.004747549762031,0.0078236719768395
168,2015-01-27,0.0010988694934137,-0.0024411560006018
169,2015-01-28,0.0005562194168557,-0.0140386921757955
170,2015-01-29,-0.0017722378413918,0.0070403947145592
171,2015-01-30,-0.009664666163837,-0.0058070306748541
172,2015-02-02,-0.0008189591156249,0.0088252724228767
173,2015-02-03,0.0043732147688078,0.0121704627894314
174,2015-02-04,0.0039179553448225,-0.0019520208085681
175,2015-02-05,-0.0006988264526485,0.0115258504084096
176,2015-02-06,-0.005235333375639,-0.0040951213840039
177,2015-02-09,-0.0030569443029295,-0.0031890062196037
178,2015-02-10,0.0026684169383923,0.0050396938502774
179,2015-02-11,-0.0032093006950822,0.0007530668532108
180,2015-02-12,-0.0006692816229298,0.0108154746620737
181,2015-02-13,-0.0012647111480689,0.0072875166192407
182,2015-02-17,-0.0040240545305457,0.0030017915213546
183,2015-02-18,0.0102787743708138,-0.001117438873847
184,2015-02-19,-0.0039666248565539,0.0002139969430474
185,2015-02-20,-0.0020656442414421,0.0009962472070689
186,2015-02-23,0.0057250151118102,-0.0025045268124207
187,2015-02-24,0.0056360988757283,0.0027929924055521
188,2015-02-25,0.0020551670074619,0.0041007093901722
189,2015-02-26,-0.0047834774090612,0.0047085572712439
190,2015-02-27,0.0003989114633249,-0.0004470813548458
191,2015-03-02,-0.008157767749407,0.0032000061811908
192,2015-03-03,-0.0019421252396008,-0.0009494828078387
193,2015-03-04,-0.0085888043444396,0.0024162111782153
194,2015-03-05,-0.0009550484118562,0.0043231592624399
195,2015-03-06,-0.0049567425017721,-0.0114603222564254
196,2015-03-09,-0.0054470510373501,0.0013032210820465
197,2015-03-10,-0.0013915910556106,-0.0121553552761254
198,2015-03-11,0.0029938682993379,0.000604757022475
199,2015-03-12,-0.0029347226325733,0.0116671147271409
200,2015-03-13,-0.0054228207638998,-0.0050615125472071
201,2015-03-16,-0.0033947008517206,0.0041173499661258
202,2015-03-17,-0.0028215751007008,0.0012736303296958
203,2015-03-18,0.014428505688474,0.0062687743452861
204,2015-03-19,-0.0178884509172897,0.0008289589314832
205,2015-03-20,0.0038339933843358,0.0044040197807629
206,2015-03-23,0.0151720286048026,0.0015187517429181
207,2015-03-24,0.0087583084759102,-0.0008850201155692
208,2015-03-25,0.0124641840522806,-0.0168619344329319
209,2015-03-26,0.003445537834295,-0.0019786963312758
210,2015-03-27,0.0010162284232885,0.0051868463951747
211,2015-03-30,0.0046346927525644,0.0082321086496646
212,2015-03-31,0.0023251014946301,-0.0032812115175111
213,2015-04-01,-0.0029557565907136,0.0030050338356002
214,2015-04-02,0.0008806626841772,0.0048740308264723
215,2015-04-06,-0.0032977200556265,0.0063616523715026
216,2015-04-07,0.0019920285834414,-0.0025929143709967
217,2015-04-08,0.006402071678674,0.003733781992412
218,2015-04-09,-0.0055031965896383,-0.0013455390466196
219,2015-04-10,0.0051301212590469,0.0050762032014447
220,2015-04-13,-0.0038562188533572,-0.0014411972312528
221,2015-04-14,0.0007889803050976,0.0032737808043498
222,2015-04-15,-0.0037465750366107,0.0076826826776104
223,2015-04-16,-0.0026706582702504,0.0016670862304736
224,2015-04-17,-0.0001937609476412,-0.0106921037982055
225,2015-04-20,0.0014677851357706,0.0047986680770814
226,2015-04-21,0.0045524509355196,-0.001793911236759
227,2015-04-22,0.0014575044128626,0.004774361398609
228,2015-04-23,-0.001625994795625,0.0051862675519711
229,2015-04-24,0.0021573517564836,-0.0030653460646722
230,2015-04-27,0.0006435312225783,-0.0080918652851417
231,2015-04-28,0.0027435920213788,0.0021916785150024
232,2015-04-29,-0.0023325077982895,-0.004240478791968
233,2015-04-30,-0.0090831603210126,-0.0095005381117667
234,2015-05-01,0.0051968813778431,0.003263416513878
235,2015-05-04,0.003171212160575,0.0018755936636969
236,2015-05-05,-0.0054069698945131,-0.0085103085444919
237,2015-05-06,0.0067774000860583,-0.0039679204744225
238,2015-05-07,0.0134906165171059,0.0002948685556407
239,2015-05-08,-0.0026534109265971,0.0104620486376545
240,2015-05-11,-0.0015098260887645,-0.0007154990857349
241,2015-05-12,-0.0005823158960999,-0.0025345308132344
242,2015-05-13,0.0003949283778008,0.0014390496424837
243,2015-05-14,0.0042430692442631,0.0064851642100207
244,2015-05-15,0.001844642761512,0.0023926405988361
245,2015-05-18,-0.0078292436109433,0.0029215930487483
246,2015-05-19,-5.024590557255876e-05,-0.0032028581546496
247,2015-05-20,-0.0043401918259833,-0.0015009010588623
248,2015-05-21,0.0068659280918244,-0.0001623960845474
249,2015-05-22,-0.0077803384528139,-0.0038920822617498
250,2015-05-26,-0.0044714691769289,-0.0099125277894247
251,2015-05-27,0.0009350704815307,0.0105247163147068
252,2015-05-28,0.00308741404509,0.0012515719598218
253,2015-05-29,-0.0017153963217032,-0.0053203283875904
254,2015-06-01,-0.0064651663465745,0.0008982739381267
255,2015-06-02,0.0075610352620973,0.0016032625568365
256,2015-06-03,-0.0059058249601278,0.0074844821583316
257,2015-06-04,-0.0029278761770681,-0.0086296938511652
258,2015-06-05,-0.0083715844615953,0.0030246087854248
259,2015-06-08,0.0009587272496654,-0.0025070533047749
260,2015-06-09,0.0021696836682874,-0.0038343926223105
261,2015-06-10,0.0028595787762313,0.0101372068613743
262,2015-06-11,-0.0018329767023758,0.002096154320553
263,2015-06-12,0.0004930148192941,0.0001634016718499
264,2015-06-15,-0.002815044198651,-0.00258656601095
265,2015-06-16,-0.0021160676881708,-3.500471278099672e-05
266,2015-06-17,0.003206079039206,-0.0017825054649327
267,2015-06-18,-0.0003253639934527,0.007018101457953
268,2015-06-19,0.006584007717959,-0.0039136092348209
269,2015-06-22,-0.0021422810120427,0.0057579182190196
270,2015-06-23,0.00305399892676,0.0019697060403537
271,2015-06-24,0.0037897129328542,-0.0072859850546111
272,2015-06-25,-0.0075975892915687,-4.783725622578668e-05
273,2015-06-26,0.0033622753534051,-0.0027042172871815
274,2015-06-29,0.0009025374031284,-0.0237357616344671
275,2015-06-30,0.0025243842309771,0.007394596874308
276,2015-07-01,-0.0078468825632183,0.0027241895927337
277,2015-07-02,-0.0020046582839906,-0.0051723465905968
278,2015-07-06,-0.0146383225833803,-0.0049580218925801
279,2015-07-07,-0.0046108451026655,-0.0025190735887469
280,2015-07-08,-0.0138534862145333,-0.0155281315576059
281,2015-07-09,0.0140903828845182,0.0036235786214499
282,2015-07-10,0.0033620882017883,0.0143813804144262
283,2015-07-13,0.0042153441428367,0.0085753102766452
284,2015-07-14,0.0054651310834491,0.0030583525266274
285,2015-07-15,-0.0094679964783418,-0.0041879506008923
286,2015-07-16,-0.0079253729271855,0.0072723017861726
287,2015-07-17,-0.0091701758389532,-0.0013518308764085
288,2015-07-20,-0.0132429079130205,-0.0062275520363181
289,2015-07-21,6.897566179547843e-05,-0.0041918382496518
290,2015-07-22,-0.0111065996914104,0.0011765765529025
291,2015-07-23,-0.0009967990600946,-0.0074805528497624
292,2015-07-24,0.0028234445898436,-0.0117615617087076
293,2015-07-27,-0.0045807123233966,-0.0101657278850766
294,2015-07-28,0.0105670337610266,0.0063454818210594
295,2015-07-29,0.0119917367646337,0.0037214281844194
296,2015-07-30,-0.0022629505255006,0.0029343519375407
297,2015-07-31,-0.0030184678757305,0.0035677123049505
298,2015-08-03,-0.0096124722698902,-0.00572834550996
299,2015-08-04,-0.002919740836584,-0.0002841130242365
300,2015-08-05,-0.0037093677628454,0.0013627377435395
301,2015-08-06,0.0105917365224123,-0.0120112253488114
302,2015-08-07,-0.0003742792497782,0.013425255678659
303,2015-08-10,0.0070616009742603,0.0107735753254248
304,2015-08-11,-0.0119181140289646,-0.0031265295005528
305,2015-08-12,0.0030255267078849,0.0024370018077077
306,2015-08-13,-0.0034472367830541,-0.0047320437124879
307,2015-08-14,-0.0050433460444753,0.0017747140964199
308,2015-08-17,0.0009457405771867,0.0033876843981401
309,2015-08-18,-0.0059186066350319,-0.0037756883543136
310,2015-08-19,-0.0151951137379905,0.0024005654390368
311,2015-08-20,-0.0140214497537477,-0.0188803903858389
312,2015-08-21,0.0034304570172444,-0.0153383809249042
313,2015-08-24,0.0015105490226159,-0.0369370225650012
314,2015-08-25,0.0101679998701381,-0.0010844410037497
315,2015-08-26,0.0193707068762799,0.0199086673911123
316,2015-08-27,0.0311198638179391,0.0223471214695106
317,2015-08-28,0.017295561784119,0.0128359755475359
318,2015-08-31,0.0036303395404617,-0.0014873930147613
319,2015-09-01,-0.0058341056865521,-0.0226563750832875
320,2015-09-02,0.0072886499038103,0.0113593600853226
321,2015-09-03,0.0013828780787285,-0.0016801115355354
322,2015-09-04,-0.0084722282948098,-0.0057951454831565
323,2015-09-08,0.001223448060151,0.0159723713113408
324,2015-09-09,0.0076930149795172,-0.0077350991499108
325,2015-09-10,-0.0052180022537554,0.0042623168616086
326,2015-09-11,0.0055965807751669,0.0015457629863049
327,2015-09-14,0.0035995600748318,-0.0027168015172621
328,2015-09-15,0.0021187365500281,0.0083259600800113
329,2015-09-16,0.0159452888278449,0.0098918158267974
330,2015-09-17,-0.0043308643032911,0.0037242600981843
331,2015-09-18,0.0234271658866259,-0.0125999769899877
332,2015-09-21,-0.0019229029678795,-0.0002708260577642
333,2015-09-22,0.0030556908894035,-0.0136791554930769
334,2015-09-23,-0.010264263616162,-0.0050405924104465
335,2015-09-24,-0.0027787811479072,0.0006934313307193
336,2015-09-25,-0.0015096362737217,-0.0107609160270235
337,2015-09-28,-0.017165252890895,-0.0261661304443257
338,2015-09-29,-0.0136916508550988,-0.0072790724873269
339,2015-09-30,0.0209163838172482,0.0153487509127892
340,2015-10-01,0.0092186328651896,-0.0039873658401381
341,2015-10-02,0.025402419908945,0.0131439459799717
342,2015-10-05,0.0263812204189235,0.0192777344469489
343,2015-10-06,-0.0034798941721256,0.0005338456435682
344,2015-10-07,0.0064180578694699,0.012415636215735
345,2015-10-08,-0.0136540518525213,0.0124466900489032
346,2015-10-09,0.0094675663564107,0.001960737078522
347,2015-10-12,0.0102309444037959,-0.0018063317385973
348,2015-10-13,0.001488354945183,-0.0097751793068304
349,2015-10-14,-0.0035588522727205,-0.0028342277899963
350,2015-10-15,-0.0016525751541941,0.0159045718757823
351,2015-10-16,0.0063593487509062,-0.0037778999933971
352,2015-10-19,0.0098011315796733,-0.0030414761487968
353,2015-10-20,-0.0128670419316376,0.0117394896816993
354,2015-10-21,-0.0004108772993628,-0.013079035015168
355,2015-10-22,0.0018050253760957,0.0067452018099946
356,2015-10-23,4.224250235884773e-05,0.00527816844761
357,2015-10-26,-0.0029974063733165,-0.0043459793911798
358,2015-10-27,-0.0113359129442293,-0.0123636423542769
359,2015-10-28,0.0117497276997621,0.0199545966005502
360,2015-10-29,0.0008979982890238,-0.0071186134722991
361,2015-10-30,-0.0006294908886394,-0.0022734298003311
362,2015-11-02,0.0120575630982721,0.0166605039373266
363,2015-11-03,0.0194693397162744,0.0006287133157957
364,2015-11-04,-0.0045776702004987,-0.0009063068176503
365,2015-11-05,0.000543253467948,-0.0058957867406183
366,2015-11-06,-0.0116565731345059,0.0039957342436882
367,2015-11-09,-0.001400874271572,-0.0100645516593876
368,2015-11-10,-0.0013582186917913,-0.0005304764120306
369,2015-11-11,0.0052839693777234,-0.0041885939215905
370,2015-11-12,0.0027868306142639,-0.016438637789273
371,2015-11-13,0.004208395303686,-0.0072610280178833
372,2015-11-16,-0.0014458359587786,0.0027698689934495
373,2015-11-17,-0.0068067557072885,-0.0058145676122567
374,2015-11-18,0.0025728197951761,0.0111986170917063
375,2015-11-19,-0.0027954095830405,-0.0028487622340504
376,2015-11-20,-0.0005829106562565,0.0009133306135522
377,2015-11-23,0.0127565077406507,0.0022135018957519
378,2015-11-24,0.0410672628017226,0.0075976033710482
379,2015-11-25,-0.0004180639254807,0.004739927653848
380,2015-11-27,0.0013867327403234,0.0038097859300278
381,2015-11-30,-0.004004770617318,-0.0022074195249223
382,2015-12-01,0.0308320157274607,0.0035987502809064
383,2015-12-02,-0.0018175960516524,-0.0069029354769938
384,2015-12-03,0.00711368629198,-0.0137028336015888
385,2015-12-04,-0.012095208078075,0.0086067816878858
386,2015-12-07,-0.0138823268538082,-0.0160384651019067
387,2015-12-08,-0.0041972817375637,-0.0044791351583206
388,2015-12-09,0.0096481811342826,-0.0097311197181611
389,2015-12-10,0.0027307261550908,0.0003964852069941
390,2015-12-11,-0.0175369189330495,-0.0180838920627431
391,2015-12-14,-0.0138861893744744,-0.0084249421945605
392,2015-12-15,0.0091558014391551,0.0103894025586775
393,2015-12-16,0.012167283402119,0.0163632821380287
394,2015-12-17,-0.0034202226673965,-0.0078129539027647
395,2015-12-18,0.002548551356539,-0.0061635308067215
396,2015-12-21,0.0006701229507899,0.0076483038398944
397,2015-12-22,0.015359403520558,0.0064358662206511
398,2015-12-23,0.0171690121490208,0.0097077517516917
399,2015-12-24,0.0023245147256227,0.0019333949920669
400,2015-12-28,0.0016254136363869,-0.0090605385678803
401,2015-12-29,0.0040750157422675,0.0081417102051646
402,2015-12-30,0.0028796655918082,-0.0101017959905821
403,2015-12-31,0.0131603381787862,-0.003077364676813
404,2016-01-04,-0.000307439395017,-0.0144849574706767
405,2016-01-05,0.0091597373509335,0.001770008933824
406,2016-01-06,0.0103455366539969,-0.015502555431422
407,2016-01-07,-8.051325076453841e-05,-0.0290614363488991
408,2016-01-08,-0.0068966796127819,-0.0129413773179185
409,2016-01-11,-0.0076270891005346,-0.0184506716302887
410,2016-01-12,0.0009758667481023,-0.008696938225599
411,2016-01-13,-0.0309511961610509,-0.0282727252299507
412,2016-01-14,0.0253400661102417,0.010144760996105
413,2016-01-15,-0.0209408714214084,-0.0201102151052379
414,2016-01-19,-0.0277865650982568,-0.0167350793217594
415,2016-01-20,0.01466116090237,-0.0026428055736103
416,2016-01-21,0.0263585776589102,0.0094161375712338
417,2016-01-22,0.026711593993812,0.0226335294436672
418,2016-01-25,-0.009831043250409,-0.0142756358214892
419,2016-01-26,0.0066323689319618,0.0196086932527507
420,2016-01-27,0.004883555331463,-0.0083891874910885
421,2016-01-28,0.0034730123580145,0.002787869202015
422,2016-01-29,-0.0013815068553586,0.024831350103651
423,2016-02-01,0.0094052660175133,-0.0010737474457484
424,2016-02-02,0.0035683965320518,-0.0195191239384757
425,2016-02-03,-0.0090385154170703,0.012126661258055
426,2016-02-04,0.0022593651540228,0.008590266896946
427,2016-02-05,-0.0170022072464132,-0.0152458441292204
428,2016-02-08,-0.0134354544160084,-0.0213276664208553
429,2016-02-09,0.0105597345547408,-0.0150555765532256
430,2016-02-10,0.0103261262212424,-0.0018569366429309
431,2016-02-11,-0.0019936969448812,-0.0141780249415227
432,2016-02-12,0.0056179291797671,0.0194138428848134
433,2016-02-16,0.0189529422757012,0.0225319372880092
434,2016-02-17,0.0170859876101279,0.0190830969466901
435,2016-02-18,-0.0055041390838234,-0.0048303093112712
436,2016-02-19,0.0034546804915155,0.0002439892122503
437,2016-02-22,0.0063992523071874,0.0154106745369147
438,2016-02-23,-0.0108391715418365,-0.0134491623020072
439,2016-02-24,0.0051911839899009,0.0062522670456277
440,2016-02-25,-0.0059573856261281,0.0066052767203846
441,2016-02-26,0.0057857458259159,0.0051797808028394
442,2016-02-29,0.0042320632803795,-0.0008510202569811
443,2016-03-01,-0.0052666270625559,0.0171145814586033
444,2016-03-02,0.000264221115703,0.0107294526238156
445,2016-03-03,-0.0032414861912175,0.0074578229973686
446,2016-03-04,0.0063331517898421,0.0076133201535332
447,2016-03-07,-0.0034454899612575,0.0141656600391102
448,2016-03-08,0.0341295674891505,-0.022801927449832
449,2016-03-09,0.0019525856309439,0.0070204158627722
450,2016-03-10,0.0064936163787437,-0.0082632114047604
451,2016-03-11,-0.0066755157333216,0.0180308404196165
452,2016-03-14,0.0072178378556837,-0.0017433440007475
453,2016-03-15,0.0053069062850573,-0.0115837938072719
454,2016-03-16,-0.0117375589538186,0.0130551895557952
455,2016-03-17,-0.0087736111379856,0.0168018907912236
456,2016-03-18,0.0104515220030247,0.0056203437048721
457,2016-03-21,0.002404296884094,0.0010150218523983
458,2016-03-22,0.0011738091456514,-0.0018727401862397
459,2016-03-23,-0.0082881874984499,-0.022871930006657
460,2016-03-24,-0.001557781986835,0.0035121187510131
461,2016-03-28,-0.001607232061668,-0.0024119845675387
462,2016-03-29,0.000700062186954,0.0161449781782133
463,2016-03-30,0.0052255977375808,0.0022427149215094
464,2016-03-31,0.0003746500985386,0.0014732271347425
465,2016-04-01,0.0005574117453371,0.0032062303838935
466,2016-04-04,-0.0024494255993998,-0.006787430105966
467,2016-04-05,0.0017663301258759,-0.0117650257665315
468,2016-04-06,-0.0087425090322584,0.0099411856106535
469,2016-04-07,-0.0026562950287479,-0.0081202826830981
470,2016-04-08,0.0168697867865968,0.0062339364179549
471,2016-04-11,0.0058858109163937,-0.0007929947854438
472,2016-04-12,0.005309583235737,0.0066664892387963
473,2016-04-13,0.0064917160751425,0.0123617248392405
474,2016-04-14,0.0054543354865882,-0.0021402685178474
475,2016-04-15,-0.0027129379457523,-0.00025965194785
476,2016-04-18,-0.0060936418881152,0.0065406255354327
477,2016-04-19,-0.0097448427311928,0.0072985355822357
478,2016-04-20,-0.001830937597153,0.004562949332735
479,2016-04-21,-0.0045800443401707,0.0017537052318377
480,2016-04-22,-0.0003039916950903,0.0062509704156745
481,2016-04-25,0.0134750143883967,-0.0076179432438779
482,2016-04-26,-0.0093913112831258,0.0078206085942549
483,2016-04-27,-0.0056632211212377,0.0028656771474023
484,2016-04-28,0.00735460080617,-0.0054544452584433
485,2016-04-29,-0.0074533337473948,-0.0034262434387628
486,2016-05-02,0.0081017846653448,-0.0012988737031672
487,2016-05-03,0.0068631580877143,-0.0152563366182582
488,2016-05-04,-0.0061921595868074,-0.0047894078064861
489,2016-05-05,-0.0052071211756522,-0.0020879831860647
490,2016-05-06,-9.853589113956824e-05,0.0016411966947844
491,2016-05-09,0.0091585123088658,-0.0060760732726565
492,2016-05-10,0.0046888082699237,0.008893889995725
493,2016-05-11,-0.0057086617067723,-0.0032627526074714
494,2016-05-12,-0.020790350790003,-0.0057607711294667
495,2016-05-13,0.0007538905760972,-0.0052769229724595
496,2016-05-16,0.0057354077724107,0.0080088373022556
497,2016-05-17,0.0060453492036653,-0.0078211026856055
498,2016-05-18,0.0021977345115262,-0.0024621638129523
499,2016-05-19,-0.0034574099665753,-0.0053537292878991
500,2016-05-20,0.0075014750332006,0.0106105216724591
501,2016-05-23,-0.0027752634969968,0.0022372585522456
502,2016-05-24,-0.0029821456038511,0.0112760400753988
503,2016-05-25,0.0004215370937513,0.0067110633804192
504,2016-05-26,0.0003004958792541,-0.0010977092118464
505,2016-05-27,-0.0012983707565441,0.0064131031240741
506,2016-05-31,-0.0136083901921845,0.0038796704798214
507,2016-06-01,-0.0018275759633398,0.0061127749455698
508,2016-06-02,-0.0068189073774382,0.0065737984898068
509,2016-06-03,0.0199751943958823,-0.0057102056156095
510,2016-06-06,-0.0028576456583855,0.0121164364868339
511,2016-06-07,0.0087393947309129,0.0022995953542662
512,2016-06-08,0.0010542306671034,0.0062697677384523
513,2016-06-09,0.0037600876760356,-0.0048978241916103
514,2016-06-10,0.0119925651322208,-0.0179974932614906
515,2016-06-13,-0.0004325772448883,-0.0104818688717486
516,2016-06-14,-0.0045520875517057,-0.002970250493526
517,2016-06-15,-0.0018705476668428,0.0023482534516722
518,2016-06-16,-0.0029743392086913,-0.0015298005670877
519,2016-06-17,-0.0053441401892313,0.0012883940792875
520,2016-06-20,0.0059042162886677,0.0084722215606725
521,2016-06-21,-0.005270118321657,-0.0030100245737754
522,2016-06-22,0.001117483426111,-0.0031231877025295
523,2016-06-23,0.0092127743576978,0.0133190201835564
524,2016-06-24,-0.0216636429045631,-0.0281986365365329
525,2016-06-27,-0.003003017288416,-0.0247939111990062
526,2016-06-28,0.0080035255607482,0.0202401365074268
527,2016-06-29,0.0081246525347748,0.0171754760287972
528,2016-06-30,0.0003092002327352,0.0104753204928676
529,2016-07-01,0.0026125207487459,0.0075277090145937
530,2016-07-05,-0.026303968714984,-0.0095558307423906
531,2016-07-06,-0.0034913270518591,0.0055979444368157
532,2016-07-07,0.0111334419301395,0.0002704943971046
533,2016-07-08,0.0065481407196001,0.0171376093567512
534,2016-07-11,0.0051302917922932,0.0052016256363097
535,2016-07-12,0.0182424704561745,0.0096217339242198
536,2016-07-13,-0.0003982657801746,-0.0030266355046691
537,2016-07-14,-0.0033572709435945,0.0009510036559298
538,2016-07-15,-0.0005399559836403,0.0058065622509828
539,2016-07-18,0.0006939440889085,0.0026725793892161
540,2016-07-19,0.0052198359056873,-0.0042315833070213
541,2016-07-20,-0.0010074204934684,0.0043929734654721
542,2016-07-21,0.005754431784488,-0.0016975376528651
543,2016-07-22,-0.0018966365114297,0.0086897381653197
544,2016-07-25,-0.0022794061982633,-0.0030328869808791
545,2016-07-26,0.0054646746779449,0.0061558215864165
546,2016-07-27,0.001840132770231,0.0016296920519401
547,2016-07-28,0.0024001074495755,-0.0005547326843062
548,2016-07-29,0.0051948954321536,0.0028498581806942
549,2016-08-01,-0.0143062735793151,-0.0028114135845501
550,2016-08-02,0.0052461003041624,-0.0109408014381516
551,2016-08-03,0.0028662447586346,0.0099996752700557
552,2016-08-04,-0.0025032029259139,0.0015325129997473
553,2016-08-05,0.0035961334897786,0.0041521011966256
554,2016-08-08,0.0043697387391057,-0.0011371501376079
555,2016-08-09,0.0023934512688002,-0.0021783656410266
556,2016-08-10,0.0022869828629568,-0.0068903178077424
557,2016-08-11,-0.000708600180185,0.0048227835773913
558,2016-08-12,-0.0014239998846769,0.0023888413888271
559,2016-08-15,-0.0017918928920003,0.005976577892925
560,2016-08-16,-0.0010680231523632,-0.0072621953423811
561,2016-08-17,0.0008937376122844,-0.0013596886157343
562,2016-08-18,-0.0056240063085364,0.0068770549185132
563,2016-08-19,-0.0002666519497056,-0.0007567681360876
564,2016-08-22,0.0038404190668791,-0.0006674275645494
565,2016-08-23,0.002700599306041,0.0062411493925006
566,2016-08-24,-0.0021364357380242,-0.0084056947844724
567,2016-08-25,0.0006821121798531,-1.8200245135913973e-07
568,2016-08-26,-0.0008890500232548,0.0012193865116078
569,2016-08-29,0.0034861890098201,0.004105047387683
570,2016-08-30,-0.0056219896453775,0.0005305067777293
571,2016-08-31,-0.005798207284984,-0.0044474624447005
572,2016-09-01,0.0022574851267091,-0.0005818081924696
573,2016-09-02,0.0004238747665645,0.0098091230278209
574,2016-09-06,0.0047142618920676,0.0045755372347378
575,2016-09-07,-0.0015340654871525,0.0050134530074899
576,2016-09-08,0.0086173157553612,0.0038212951458329
577,2016-09-09,-0.0002773986252535,-0.0246986641850134
578,2016-09-12,-0.0017268326215674,0.0084703184200395
579,2016-09-13,-0.0026063542253428,-0.0179342731757939
580,2016-09-14,-0.0044341581778412,-0.0015886993269352
581,2016-09-15,-0.003063088532922,0.0083107620092743
582,2016-09-16,0.0029046115468986,0.0026390463263301
583,2016-09-19,-0.0015365605970164,0.0042775930506162
584,2016-09-20,-0.0045697424017342,-0.000466726235194
585,2016-09-21,0.0059577644859489,0.0121847018277759
586,2016-09-22,0.0049471882405215,0.0063606629421108
587,2016-09-23,-0.0041120186652289,-0.0039315853906519
588,2016-09-26,0.0031933998752796,-0.0071938632162565
589,2016-09-27,-0.0035507099546012,0.0021222387390119
590,2016-09-28,0.012061585794489,0.0063294983730405
591,2016-09-29,0.0083973199024466,-0.0093970662861211
592,2016-09-30,-0.000830240030777,0.0092195318099436
593,2016-10-03,-0.004191525545196,-0.0036186711512403
594,2016-10-04,0.0022873284859641,-0.0071259167614669
595,2016-10-05,-0.0069460088460523,0.0076644351423152
596,2016-10-06,-0.0034710159041009,-0.0035935283451611
597,2016-10-07,0.0051770061950065,-0.0050731019742236
598,2016-10-10,-0.0048176833652804,0.0099266382080991
599,2016-10-11,-0.0038883894820573,-0.01457588979868
600,2016-10-12,0.0029361675920755,-0.0037827672179038
601,2016-10-13,0.0079970566928078,-0.0086881654218423
602,2016-10-14,-0.0069814448747457,-0.0011733795259415
603,2016-10-17,-0.001055740758955,-0.0034473208870073
604,2016-10-18,0.0034511229327668,0.0068168568013122
605,2016-10-19,0.0016193635308738,0.0049253987909449
606,2016-10-20,-0.0002351422502922,-0.0006383411348315
607,2016-10-21,-0.0004768746708502,-0.0008841586662746
608,2016-10-24,-0.0028346760227626,0.0027442888109056
609,2016-10-25,-0.0085145681402605,-0.0058521064967448
610,2016-10-26,-0.0025848463471804,-0.0068611422658251
611,2016-10-27,0.0005758746609131,-0.005797881343548
612,2016-10-28,-0.0089395390771784,-0.0078574174019652
613,2016-10-31,-0.0070772811842388,0.0004762281853338
614,2016-11-01,0.0014312980056465,-0.0078878955395094
615,2016-11-02,-0.0042435337217829,-0.0088502925197692
616,2016-11-03,-0.0108781546601789,-0.0068646150138293
617,2016-11-04,0.0076273951692046,-0.0001452926897043
618,2016-11-07,0.0082148631789407,0.0180807089874056
619,2016-11-08,0.00097777676554,0.0021572458570802
620,2016-11-09,0.0135755515622671,0.0183313086793791
621,2016-11-10,0.0102252320382402,0.0066722918268952
622,2016-11-11,-0.0076762700093388,0.0139295535988364
623,2016-11-14,-0.0139550060759744,0.0089586367951441
624,2016-11-15,0.0237308672487959,0.0023405238532944
625,2016-11-16,0.0071267729148964,0.0004288111460219
626,2016-11-17,0.0009080304451768,0.002963379421745
627,2016-11-18,-0.0036559635259301,0.003673567486004
628,2016-11-21,0.0100687265639493,0.0057265457167238
629,2016-11-22,0.0042775929313599,0.0024938949485109
630,2016-11-23,-0.0123519103225802,0.006259493067835
631,2016-11-25,0.0044471731660073,0.0040298748638587
632,2016-11-28,0.0150535780650235,-0.0133433104410389
633,2016-11-29,0.0061782650948673,-0.0044428001640968
634,2016-11-30,-0.0109619660658459,-0.0028549312917644
635,2016-12-01,-0.000774445593946,-0.004724157565416
636,2016-12-02,0.008216700917127,-0.0004461114770217
637,2016-12-05,-0.0018626918515771,0.0151136868015126
638,2016-12-06,0.0031991411558378,0.0083144461403867
639,2016-12-07,-0.0028813883544347,0.006758664230361
640,2016-12-08,-0.0111873811370182,0.007838886746477
641,2016-12-09,0.0040376787848569,0.0034081667348398
642,2016-12-12,-0.0057129685216275,-0.0062877492729741
643,2016-12-13,0.0020450924152772,0.0002542076506324
644,2016-12-14,-0.0009446755049154,-0.0125689311375237
645,2016-12-15,0.00119612870604,0.0045206884230125
646,2016-12-16,-0.0009242811025477,-0.0003713122360506
647,2016-12-19,0.0004554257894484,0.0040640039585763
648,2016-12-20,-0.0059428405403602,0.0076487236357547
649,2016-12-21,0.0042783346481096,-0.0019622671380931
650,2016-12-22,-0.000592992399903,-0.0051944757354833
651,2016-12-23,0.0004750467328703,0.0059573008238268
652,2016-12-27,0.0026967871966099,0.0038270781174724
653,2016-12-28,-0.0003957806217918,-0.0089192556213451
654,2016-12-29,0.008135760531372,0.0007772981550743
655,2016-12-30,-0.002822183207698,-0.0008292436099977
656,2017-01-03,0.0073809229786126,0.0093578794574452
657,2017-01-04,0.0125103066567608,0.014700956476731
658,2017-01-05,-0.0039545533112945,-0.0018715641000989
659,2017-01-06,-0.0003638204869829,5.081315555180308e-05
660,2017-01-09,0.0027748062413896,-0.0062772922722081
661,2017-01-10,0.0076685152670932,0.006617990719573
662,2017-01-11,0.0028316465372175,0.0026519574490886
663,2017-01-12,-0.0025388479321366,-0.0042590217073581
664,2017-01-13,-6.480537689271607e-05,0.006477833760828
665,2017-01-17,-0.0169398031901276,-0.0045688248012479
666,2017-01-18,0.0015824455016871,-0.000487257118943
667,2017-01-19,-0.0112105136026175,-0.0051105310819873
668,2017-01-20,-0.0032624531236761,0.0042903823083997
669,2017-01-23,-0.0061011310336631,-0.0012257972979764
670,2017-01-24,-0.001949848462899,0.0074711372013932
671,2017-01-25,0.0069480808131741,0.0061796148330174
672,2017-01-26,-0.0006599606748808,-0.001226769678749
673,2017-01-27,0.0006366678957427,0.0002759032372503
674,2017-01-30,-0.0041455960671947,-0.0105975758080673
675,2017-01-31,0.0125067991764145,0.0040713521658115
676,2017-02-01,-0.0062636065485973,0.0026697497459578
677,2017-02-02,0.010194569554985,-0.0001500708011281
678,2017-02-03,-0.0023896293341257,0.0087395630744524
679,2017-02-06,-0.0017140495877195,-0.0017313277464396
680,2017-02-07,0.0013006306987052,-0.001655896718335
681,2017-02-08,0.0020441752153575,-0.0008010286093751
682,2017-02-09,0.007770721591618,0.0079584151485299
683,2017-02-10,0.0041840328516845,0.0060087185982158
684,2017-02-13,0.0003768002668864,0.0017549914950063
685,2017-02-14,-0.0022418534195272,0.0043039029283343
686,2017-02-15,0.0004170311966904,0.0048899225983156
687,2017-02-16,0.004644419709997,-0.001863118796616
688,2017-02-17,-0.0047376814814222,0.0005814046648725
689,2017-02-21,-0.0043547529835263,0.0022650062996381
690,2017-02-22,-0.0009790649137187,-0.0025662724607493
691,2017-02-23,0.0035744127425021,-0.0014106991007394
692,2017-02-24,-0.0018671739445631,-0.0012306586520417
693,2017-02-27,0.0003149055847642,0.0069676960693333
694,2017-02-28,-0.0011079161362067,-0.0088831108410084
695,2017-03-01,0.0017019483199043,0.0129707830307144
696,2017-03-02,-0.010089346112607,-0.0101080304055783
697,2017-03-03,-0.0031313863971675,0.0008270685975663
698,2017-03-06,-0.00154791034152,-0.0057502584926615
699,2017-03-07,-0.001838215636327,-0.0076642478308755
700,2017-03-08,-0.0031414190018051,-0.0042342162567187
701,2017-03-09,-0.0004136653670257,-0.002857919507221
702,2017-03-10,0.0008475433049581,0.0044897173509921
703,2017-03-13,-0.0014949318516545,0.0076185130018738
704,2017-03-14,0.000657983716244,-0.0071769324752052
705,2017-03-15,0.0054722542005846,0.0122308669589526
706,2017-03-16,0.0006554014881134,0.0019068419461798
707,2017-03-17,0.0001432388792903,-0.0009785466597931
708,2017-03-20,-0.0033040727279419,-0.0029451836162886
709,2017-03-21,-0.0027010127022962,-0.020475272678595
710,2017-03-22,-0.0031884981234391,-0.0013576215867668
711,2017-03-23,0.0018035337679918,0.0051203893802191
712,2017-03-24,0.0007955928033636,0.0019662204694938
713,2017-03-27,-0.000367732836772,0.0017236705248237
714,2017-03-28,0.0089953792866506,0.0076776531353802
715,2017-03-29,0.0065470523870227,0.0048399350531897
716,2017-03-30,0.0041944233524833,0.0009742779112628
717,2017-03-31,-0.0002608236514502,0.0030363192815744
718,2017-04-03,-0.0010589974549068,-0.0059630760301845
719,2017-04-04,-0.0030602786831427,-0.0006290712037119
720,2017-04-05,-0.004725849477116,-0.0063420179100568
721,2017-04-06,-0.0012182038518887,0.0090099456623386
722,2017-04-07,-0.0041276624543396,-0.0015183776820383
723,2017-04-10,-0.006056713165209,0.0032381670385595
724,2017-04-11,-0.006879418645055,0.0017664400538878
725,2017-04-12,0.0016354443519617,-0.0070779094814322
726,2017-04-13,0.0062338430049394,-0.007668688229087
727,2017-04-17,0.0087836675649039,0.0061046520194373
728,2017-04-18,-0.003365036899991,-0.0035739892240589
729,2017-04-19,-0.000313626041683,1.0126384567023458e-05
730,2017-04-20,0.0035787452220579,0.0055327202644416
731,2017-04-21,-0.0001399044517571,-0.0032051603465982
732,2017-04-24,-0.0089299256484803,0.0093056110636281
733,2017-04-25,0.0081363888062242,0.0067389247415554
734,2017-04-26,-0.0050796942430294,0.004459410432591
735,2017-04-27,-0.0053330797998541,-0.0011827584007048
736,2017-04-28,0.0040489098977655,-0.0060326616242913
737,2017-05-01,-0.0104977941086575,0.0029692194426803
738,2017-05-02,-0.0023067624489968,-0.0025323321715485
739,2017-05-03,0.0004418574013781,-0.0064517326381459
740,2017-05-04,-0.0111459719158312,-0.001576788829434
741,2017-05-05,0.0070842301263202,0.0053940697135465
742,2017-05-08,0.0009149082297251,-0.0022528130774353
743,2017-05-09,-0.0071962892121977,0.0018704094566412
744,2017-05-10,0.0067578454969316,0.0026030725479565
745,2017-05-11,-0.0019339785424215,-0.0036871173861218
746,2017-05-12,-0.007236466178769,-0.0050266283794164
747,2017-05-15,-0.0002931726371228,0.0061614322098035
748,2017-05-16,-0.0051809096831534,-0.001742856837411
749,2017-05-17,0.0025418977135581,-0.0196432318064445
750,2017-05-18,-0.0030235115897084,-0.0006197943240092
751,2017-05-19,-0.0012229822774736,0.0095268700903202
752,2017-05-22,-0.0036821152671701,0.0050092850878022
753,2017-05-23,-0.001627602427457,0.0018376526812324
754,2017-05-24,-0.0019072130455104,0.0005686458074245
755,2017-05-25,0.0014955911556147,-0.0007176888942365
756,2017-05-26,0.0003399378024645,0.0018797569950457
757,2017-05-30,-0.0123348424996713,-0.0057129568928881
758,2017-05-31,-0.0019810320550229,-0.0017190303220703
759,2017-06-01,0.0102362553830791,0.0102170143688398
760,2017-06-02,-0.0017688659786655,0.0067034762257827
761,2017-06-05,0.0018971595199919,-0.0023515236202608
762,2017-06-06,0.0072161819234693,-0.0019316772264666
763,2017-06-07,-0.0103782036280736,-0.0001728794815607
764,2017-06-08,0.0054821483843727,0.0079473402777673
765,2017-06-09,0.0124753752125531,-0.0001341576721128
766,2017-06-12,0.0060797463643152,-0.000270173865653
767,2017-06-13,0.0043787813138584,0.0038600533605914
768,2017-06-14,-0.0043058869146253,-0.0027685830943303
769,2017-06-15,-0.0056852199082011,-0.0027386735649857
770,2017-06-16,0.0089770899805636,-0.00230639807336
771,2017-06-19,0.0013611515097889,0.0062806052119815
772,2017-06-20,0.0017912846670649,-0.0065204671295072
773,2017-06-21,-0.0045470232527135,-0.0039122085724842
774,2017-06-22,0.0034191241352188,0.0034909454864077
775,2017-06-23,0.0074398664493845,0.004393343303767
776,2017-06-26,0.0044968340489031,0.0011042212135877
777,2017-06-27,0.016555301016348,-0.0056438703726125
778,2017-06-28,-0.0016186903381293,0.0112472604735871
779,2017-06-29,0.0065891975985772,-0.0042640137243536
780,2017-06-30,0.0001065488941843,0.001176057330847
781,2017-07-03,-0.0073487534605233,0.0070589869244996
782,2017-07-05,-0.0064343581033772,-0.0036386444646678
783,2017-07-06,0.0019085426641378,-0.0086325775265279
784,2017-07-07,0.0009269307351466,0.0087020393203209
785,2017-07-10,-0.0020434849888333,-0.0012106308100456
786,2017-07-11,0.0014472383604665,-0.0002306968115192
787,2017-07-12,1.2508184197913486e-05,0.0096018172179691
788,2017-07-13,0.0027249550633903,0.004020824820715
789,2017-07-14,-0.0042324594848903,0.0043107227846323
790,2017-07-17,-0.0019676743938639,0.0029682948958534
791,2017-07-18,-0.0003399569572768,-0.0023646549952956
792,2017-07-19,-0.0074442597068174,0.0080819467230367
793,2017-07-20,-0.0031392379181811,-0.0011775699886358
794,2017-07-21,0.0045663708941667,-0.0024804065888888
795,2017-07-24,-0.0008736210183498,0.0007029662585067
796,2017-07-25,-0.000595728642843,0.0026123027232944
797,2017-07-26,-0.0055250763428246,-0.0002802431989995
798,2017-07-27,-0.0025938580346066,-0.0058403020014002
799,2017-07-28,0.0018483261896033,-0.0009240126175241
800,2017-07-31,-0.0022210749360538,-0.0026158859938845
801,2017-08-01,-0.0002334916540692,-0.0008205433618312
802,2017-08-02,-0.0023097578985558,-0.0060105218503455
803,2017-08-03,8.970400846347853e-05,-0.0047297691975153
804,2017-08-04,0.0047565890765096,0.0009794487315371
805,2017-08-07,-0.0056128505495224,-0.000989182454262
806,2017-08-08,-0.0049732394942616,-0.000285875753473
807,2017-08-09,-0.0056381555018302,-0.0061207417653751
808,2017-08-10,-0.0062424231924413,-0.0209472727805672
809,2017-08-11,0.0045808433512148,0.0037500086099468
810,2017-08-14,-0.0004281477345514,0.0095163588207628
811,2017-08-15,-0.0052413886644857,-0.008361265055242
812,2017-08-16,-0.0024679426881961,0.0032057726310726
813,2017-08-17,-0.0006069387339321,-0.0120457525292438
814,2017-08-18,-0.0025726415154505,0.0014275534257883
815,2017-08-21,-0.0042801736117197,0.000505190117886
816,2017-08-22,0.0024474913238992,0.008463192195994
817,2017-08-23,0.0014162029046156,-0.0016380170434727
818,2017-08-24,0.0008473281155835,0.0017439535973551
819,2017-08-25,0.0047093064539336,0.001725364692225
820,2017-08-28,-0.0096120535669967,0.0032303809107534
821,2017-08-29,6.55296756632293e-05,0.0014052111505797
822,2017-08-30,0.0021990459194981,0.0058164785029151
823,2017-08-31,-0.000527762232877,0.0065789165726225
824,2017-09-01,0.0027457042300397,0.0054055938661544
825,2017-09-05,-0.0051767649449393,-0.0071947123281181
826,2017-09-06,0.0010290528083618,0.0036411776755989
827,2017-09-07,-0.0071672749661075,0.0035235130274321
828,2017-09-08,0.008966735463815,-0.0023105543608985
829,2017-09-11,0.0118923738985487,0.0082258057798264
830,2017-09-12,0.0058155684949249,0.0045974738519883
831,2017-09-13,0.0006385792784018,0.0024708521871616
832,2017-09-14,-0.0068153844806814,0.0017744485759589
833,2017-09-15,0.005529807055279,0.0022767852037887
834,2017-09-18,-0.0029237912360757,0.0075453579195786
835,2017-09-19,0.0049342517991677,-0.0021124616113873
836,2017-09-20,0.0008135291957785,0.0022771398226174
837,2017-09-21,-0.0032996970640495,0.0013399787116917
838,2017-09-22,0.0018909492531671,0.0035863100468308
839,2017-09-25,-0.0049316584266781,0.0017967574915681
840,2017-09-26,-0.0027971446105082,0.0023049911989974
841,2017-09-27,-0.0012906698858427,0.0124204845052431
842,2017-09-28,0.001513825765481,0.0012893998497155
843,2017-09-29,-0.0015573960190959,0.0033801330282639
844,2017-10-02,-0.0029288180154317,0.007951852098959
845,2017-10-03,0.0107051172202425,0.0016374579716579
846,2017-10-04,0.0013825001192392,-0.0026897688709018
847,2017-10-05,3.602598134873694e-05,0.0060713019271778
848,2017-10-06,0.0037960173935629,-0.0031620179684645
849,2017-10-09,0.002665500667606,-0.0027720936844925
850,2017-10-10,0.0025202350584716,0.0055681181925597
851,2017-10-11,-0.0005721103370857,0.0010521472885649
852,2017-10-12,-0.004654351100025,-0.0016623046330622
853,2017-10-13,0.0035042881605718,-0.0021110606720923
854,2017-10-16,0.0024592030988728,-0.0016534965424862
855,2017-10-17,-0.0036984529799635,-0.0036688936338005
856,2017-10-18,-0.0016523590782471,-0.0001376649983245
857,2017-10-19,0.0005848613631584,-0.0010527841710715
858,2017-10-20,-0.0025308258812889,0.0036055584679076
859,2017-10-23,-0.0046006067317301,-0.0058835504066362
860,2017-10-24,-0.004327790601338,-0.0008925201938376
861,2017-10-25,-0.0027142127968588,-0.0078127032738248
862,2017-10-26,-0.0010437206364536,-0.0020344205790505
863,2017-10-27,0.0070268221906661,0.0044124739606277
864,2017-10-30,0.0129265743574571,-0.0080495395548948
865,2017-10-31,0.0019398263747528,0.0053834616357692
866,2017-11-01,0.0126811303738034,-0.0037040865772129
867,2017-11-02,-0.0074538041845709,0.0019191931207067
868,2017-11-03,0.009520266963658,0.0004636410114503
869,2017-11-06,-0.0049896508817559,0.0072619991589716
870,2017-11-07,-0.0025031137140497,-0.0098753976366531
871,2017-11-08,0.0033327433558599,-0.0003735151574595
872,2017-11-09,0.0026877542443666,-0.0001302598410545
873,2017-11-10,0.0033617629513912,0.0030908203033315
874,2017-11-13,-9.23777983459417e-05,-0.0014651559526853
875,2017-11-14,0.0068999431743587,-0.0025783003556126
876,2017-11-15,0.0064752849462627,-0.0044020632854258
877,2017-11-16,0.009017025538735,0.0125041558994298
878,2017-11-17,0.0019173105484698,0.0035947158038565
879,2017-11-20,-0.0049885161882804,0.0073501848527233
880,2017-11-21,-0.0056742968275191,0.0058766591190565
881,2017-11-22,0.0031980287239943,0.0025301182980116
882,2017-11-24,-0.0005567387100231,0.0033244329267971
883,2017-11-27,-0.0084605775260984,-0.0034301571981253
884,2017-11-28,-0.0033338601720808,0.0074459403472441
885,2017-11-29,-0.0007070740973266,0.0012665534608266
886,2017-11-30,0.0063700062735469,0.0008495596920768
887,2017-12-01,0.0035769103344499,-0.0020008044237283
888,2017-12-04,-0.0134375668842033,0.0025498178120639
889,2017-12-05,0.0017452475097087,-0.0056382813833839
890,2017-12-06,0.0048613279903589,-0.0049813897956842
891,2017-12-07,-0.0048861493341887,0.0035728699100957
892,2017-12-08,-0.0019766883351825,0.0011238928101864
893,2017-12-11,0.001439406151363,0.0002435220659761
894,2017-12-12,-0.0037411022986904,-0.0033585310575189
895,2017-12-13,0.0049511162946149,0.0025415711176711
896,2017-12-14,-0.0030767467284625,-0.0043475466661203
897,2017-12-15,0.0064768744096224,0.00682069396485
898,2017-12-18,-0.0017624671369408,0.0070726094560616
899,2017-12-19,-0.0080205068003232,-0.0054817784831701
900,2017-12-20,0.0018455641722172,0.0022358665749584
901,2017-12-21,0.0088442054734081,0.0030908129780519
902,2017-12-22,-0.0008441489873419,0.0005113817061699
903,2017-12-26,-0.0077395369263134,0.0025763997563188
904,2017-12-27,0.001045806907814,-0.0006237616744135
905,2017-12-28,-0.0013462240686634,0.002254937913574
906,2017-12-29,0.0023564817824597,-0.0054785397595645
907,2018-01-02,0.001253968353714,0.0172215286449124
908,2018-01-03,-0.0008902057822885,0.0081750714155277
909,2018-01-04,-0.0009140827022219,0.0042942775060931
910,2018-01-05,-0.0038392643337111,0.0064049722121523
911,2018-01-08,0.0016534100593861,0.0006577940856201
912,2018-01-09,-0.0010040724217042,-0.0020905864419618
913,2018-01-10,0.0035665844607803,-0.000224301007923
914,2018-01-11,-0.0056143765590002,0.0168981937242399
915,2018-01-12,-0.0008750680358074,0.0024114695347501
916,2018-01-16,0.0039312735635114,-0.0095329930754451
917,2018-01-17,-0.000311872078857,0.0076320188065231
918,2018-01-18,0.0007756238071581,-0.0036829421229785
919,2018-01-19,-0.0010665126475693,0.0079444624427194
920,2018-01-22,0.0001568527069426,0.0070709709831987
921,2018-01-23,0.0021817246892244,0.0025440176622
922,2018-01-24,-0.0010785804669216,-0.0035195440232369
923,2018-01-25,-0.0023205226525088,-0.0011027985149416
924,2018-01-26,-0.0039655891557497,0.0070024300231412
925,2018-01-29,-0.0060371346279958,-0.0068157330430188
926,2018-01-30,0.0001345621019404,-0.0098922800875987
927,2018-01-31,-0.0014550312531241,-0.0011239714412017
928,2018-02-01,-0.004298857968251,0.0036293328502706
929,2018-02-02,-0.0041872040491293,-0.0204967063608476
930,2018-02-05,-0.0017226995825662,-0.0311014211017304
931,2018-02-06,0.0076532777942769,0.0099033328605969
932,2018-02-07,-0.0014845148548957,0.0015982308238082
933,2018-02-08,-0.0059134142183363,-0.0250954222167636
934,2018-02-09,-0.0030109482008545,0.0007563925689237
935,2018-02-12,0.0141036042236535,0.0122011966834736
936,2018-02-13,-0.0027346446999404,0.0052280772511818
937,2018-02-14,0.0152045737385606,0.017153330965388
938,2018-02-15,0.0018843333153287,0.0092419376951752
939,2018-02-16,0.003043633907432,0.0021575992831374
940,2018-02-20,0.0023910158703059,-0.0072786261596945
941,2018-02-21,-0.0031339433058255,0.0033549639203507
942,2018-02-22,0.0021464262810413,-1.0042913356585262e-05
943,2018-02-23,0.0001550610442593,0.0102466312713945
944,2018-02-26,-0.0018389041594929,0.0054304044884641
945,2018-02-27,-0.0020813801948293,-0.0119596304513128
946,2018-02-28,0.0110803654111927,-0.0121562015129047
947,2018-03-01,0.0059331258528388,-0.0066006497160032
948,2018-03-02,-0.0025505874156283,0.0112736482558616
949,2018-03-05,-2.064467176425729e-05,0.0081812873740823
950,2018-03-06,-0.0017502177755259,0.0056105630820121
951,2018-03-07,-0.0023920864624889,0.0052196579923163
952,2018-03-08,0.0038841230333799,0.0034015284520083
953,2018-03-09,0.0006311922585141,0.0123356553114347
954,2018-03-12,-0.0002356288064646,0.001883979713684
955,2018-03-13,0.0042582611027191,-0.003630831229032
956,2018-03-14,-0.0021872020351233,-0.0045475751674149
957,2018-03-15,-0.0097787540346496,-0.0014994411085379
958,2018-03-16,-0.0063994471110258,0.0054855572439201
959,2018-03-19,0.0012875794335542,-0.0083938797352022
960,2018-03-20,0.0026929187042289,-0.0040314178015479
961,2018-03-21,0.0021123172363346,0.0050386811897725
962,2018-03-22,-0.005549661530579,-0.0169402746732185
963,2018-03-23,-0.0013817163972004,-0.016363057066914
964,2018-03-26,-0.0030974230289175,0.0173326876724188
965,2018-03-27,-0.0065863350517605,-0.0152165499861189
966,2018-03-28,0.0007052130480819,-0.0035338756977062
967,2018-03-29,0.0060525105291243,0.0094571102971876
968,2018-04-02,-0.0132325797042872,-0.0174123732381866
969,2018-04-03,-0.0050295985586844,0.0056738445942398
970,2018-04-04,0.0147153160119567,0.0092493459183594
971,2018-04-05,0.0002178150342099,0.0048176991894045
972,2018-04-06,-0.0098782282547929,-0.0115137296863121
973,2018-04-09,0.0040213822897172,-0.0014827511009064
974,2018-04-10,0.0130137535860688,0.0145390208750758
975,2018-04-11,0.0081563732294302,0.0012015543494116
976,2018-04-12,0.00571916028833,0.0026320758890666
977,2018-04-13,-0.0007100550535617,0.0005329679791093
978,2018-04-16,-0.0008530876759946,0.0073825067949148
979,2018-04-17,0.0044009881720868,0.0072947998725083
980,2018-04-18,-0.005931608617404,0.0022050007264589
981,2018-04-19,0.0067095673970544,-0.0053093958054316
982,2018-04-20,0.0028371359696602,-0.0045024361222396
983,2018-04-23,0.0056752549567589,-0.0039015945531195
984,2018-04-24,0.0048725219686304,-0.0067424072280257
985,2018-04-25,-0.0001131374662165,-0.0016790564314775
986,2018-04-26,-0.0032381270364399,0.0055425546995723
987,2018-04-27,-0.0020014213604105,-0.0007816486818803
988,2018-04-30,-0.00260924708209,-0.0087264749338738
989,2018-05-01,0.0015891852501642,0.0021059849963722
990,2018-05-02,0.0055582376487075,0.0013186357171167
991,2018-05-03,0.0089597756906731,-0.0026137014736476
992,2018-05-04,0.0006480166640004,0.0084041896233433
993,2018-05-07,0.0061500484800321,0.0037982239181482
994,2018-05-08,-0.0017332554607865,0.0013100635621212
995,2018-05-09,-0.0015709966563903,0.0078495314641089
996,2018-05-10,0.0067552762431585,0.0014539655994508
997,2018-05-11,0.0003575735145422,0.0002813290116357
998,2018-05-14,0.0009148572982968,0.0016348438954715
999,2018-05-15,-0.0011347640786478,-0.0011388145155798
1000,2018-05-16,-0.0023264583223177,0.003340813173031
1001,2018-05-17,-0.006949258300842,0.0052048735763854
1002,2018-05-18,0.0025573761793454,-0.002496362609348
1003,2018-05-21,-0.0030923159640335,0.0049239052457098
1004,2018-05-22,0.011233874151621,-0.0056281731557414
1005,2018-05-23,-0.0020931693455369,0.0019624766744631
1006,2018-05-24,0.0010754394128114,-0.0011211912752551
1007,2018-05-25,-0.0011418605911237,-0.0016050956012402
1008,2018-05-29,-0.0001791167473427,-0.0055367853131876
1009,2018-05-30,-0.0001321060416736,0.01175636687674
1010,2018-05-31,0.0036730585850819,-0.0046730460205749
1011,2018-06-01,-0.0039794149861199,0.0072119574393971
1012,2018-06-04,0.0021131444816119,-0.0003350213874505
1013,2018-06-05,0.0022427590266043,0.0048872132398302
1014,2018-06-06,-0.0090996045684652,0.0049581538499876
1015,2018-06-07,0.008275050744601,-0.0024547234695003
1016,2018-06-08,-0.0013529843411157,0.0012024253066676
1017,2018-06-11,-0.0007406402470149,0.0016999354721578
1018,2018-06-12,0.0002673293390242,0.0014192289719331
1019,2018-06-13,0.0032771168680336,-0.0043218871984233
1020,2018-06-14,-0.0037153365995107,0.0094543919063857
1021,2018-06-15,-0.0041245939843452,-2.858234411290573e-05
1022,2018-06-18,-0.0037917037037109,-0.0002934549786588
1023,2018-06-19,-0.0068893200569453,-4.768673750810986e-05
1024,2018-06-20,0.0033164397444883,0.0067584083270751
1025,2018-06-21,0.0046096181796158,-0.0095957436501468
1026,2018-06-22,-0.0031965918821024,0.0033727832371857
1027,2018-06-25,-0.0003597376214691,-0.0154405039690773
1028,2018-06-26,0.0036452603908873,0.0071863852263109
1029,2018-06-27,0.0129010262508845,-0.0181374581804949
1030,2018-06-28,0.0014916352704705,-0.0004163845775753
1031,2018-06-29,0.0028018925899801,0.0019373010701544
1032,2018-07-02,-0.0007470389025459,0.0020926355823306
1033,2018-07-03,6.022451428265314e-05,0.0053071389973884
1034,2018-07-05,-0.0035660091198173,0.0076931948543122
1035,2018-07-06,-0.0007312522318966,0.005459420706325
1036,2018-07-09,0.0110064849199324,0.0055128152147246
1037,2018-07-10,-0.0036401445803422,-0.0039285013386599
1038,2018-07-11,0.0019846235328015,-0.0074625337101794
1039,2018-07-12,-0.0027818379287524,0.0040782776957101
1040,2018-07-13,-0.0031957461286825,0.0016220535955784
1041,2018-07-16,0.0009774542702465,-0.0060623881708295
1042,2018-07-17,-0.0022630999186146,0.0019611877474643
1043,2018-07-18,-0.0009977033940711,0.0017977737588
1044,2018-07-19,0.0011585204965324,0.0025031934798483
1045,2018-07-20,-0.0043477267860147,-0.0010456718571688
1046,2018-07-23,-0.0014953412539522,0.0021330524192712
1047,2018-07-24,-0.004024088085911,-0.0048780248744752
1048,2018-07-25,-0.0085582822088459,0.0034146714025841
1049,2018-07-26,0.0025693584666257,0.0055841839346041
1050,2018-07-27,-0.0050664556696882,-0.0119829629071908
1051,2018-07-30,-0.0027790018729741,-0.0044939892890491
1052,2018-07-31,0.0073661258429878,0.0060828618302853
1053,2018-08-01,0.0061779280609417,-0.0029418982615228
1054,2018-08-02,-0.0004593882342807,0.0047592358209291
1055,2018-08-03,-0.0036561883411032,0.0028167137507332
1056,2018-08-06,0.0005289689664901,0.0002853636699547
1057,2018-08-07,0.0002066895476068,-0.0013301988570422
1058,2018-08-08,0.0084290568885672,-0.0018115841437642
1059,2018-08-09,0.0034744008794566,0.0005504698689144
1060,2018-08-10,-0.000589837759155,-0.0045110349006758
1061,2018-08-13,-0.0040662146093028,-0.0066483270337496
1062,2018-08-14,-0.001911785594656,0.0065192482489969
1063,2018-08-15,-0.0079296068316949,-0.0106222804019021
1064,2018-08-16,0.0038452398858345,0.0077675290751823
1065,2018-08-17,-0.0005142111800713,0.0036124784780928
1066,2018-08-20,0.0013096514228696,0.0048367398049852
1067,2018-08-21,0.0022259515238577,0.0046004134823141
1068,2018-08-22,0.0078445977880207,0.0017918104897382
1069,2018-08-23,-0.0049027289506295,-0.0016462085652888
1070,2018-08-24,0.0006480379689637,0.0028277206717167
1071,2018-08-27,-0.0006778486441914,0.0014468320833851
1072,2018-08-28,-0.0042569372353506,0.0008310056202834
1073,2018-08-29,-0.0024335588437779,0.0035432474958972
1074,2018-08-30,-0.0026362019995315,-0.001223831622157
1075,2018-08-31,0.0042769014718229,0.0041507898100073
1076,2018-09-04,-0.0008595959014497,-0.002849564860771
1077,2018-09-05,0.0088092229882452,-0.0036186868842521
1078,2018-09-06,0.0052718746703032,-0.0068414601418021
1079,2018-09-07,-0.0021634203736277,-0.0015004043297471
1080,2018-09-10,-0.0045821065698819,0.0028302259768214
1081,2018-09-11,0.0016038233086162,0.0047135031985432
1082,2018-09-12,0.0027994767191268,-0.0017856932549467
1083,2018-09-13,0.003059380638483,-0.0002949586695562
1084,2018-09-14,0.000476907455578,0.0012372339514746
1085,2018-09-17,-0.0050641599203167,-0.0031580642567762
1086,2018-09-18,0.0018816401803276,0.0034749594493653
1087,2018-09-19,0.0146883193321074,-0.0013955152434511
1088,2018-09-20,0.0116989471653214,0.0077247988669616
1089,2018-09-21,-0.0048600538539423,-0.0031136678501748
1090,2018-09-24,0.0128604837898294,-0.0036431518707214
1091,2018-09-25,0.001992920132506,0.0003324828963385
1092,2018-09-26,0.0010344544356262,-0.0031702001635621
1093,2018-09-27,0.0032622663169089,-0.0018254142177182
1094,2018-09-28,-0.0001923870757483,-0.0019745484874826
1095,2018-10-01,-0.0023882377948293,-0.0013188456190983
1096,2018-10-02,0.0018325473398827,-0.0065885847974277
1097,2018-10-03,-0.0005258423053848,0.0066700607459926
1098,2018-10-04,0.0001436989984718,-0.0130892631505669
1099,2018-10-05,-0.003506297741015,-0.0070222536460457
1100,2018-10-08,-0.0040397385518211,-0.0058245094313045
1101,2018-10-09,-0.0104048438461703,-1.2339627524965309e-06
1102,2018-10-10,-0.0028511237256294,-0.0258332732222903
1103,2018-10-11,0.0046983114846931,-0.0160330759039831
1104,2018-10-12,0.0167962671053443,0.0050375400903487
1105,2018-10-15,-0.0111520283278656,0.0016950065697143
1106,2018-10-16,0.0219495017386357,0.018629825791079
1107,2018-10-17,0.0004794574702548,-0.0054679453124126
1108,2018-10-18,-0.0039657062768444,-0.0118870726615735
1109,2018-10-19,-0.0095927799060837,-0.0103016698122924
1110,2018-10-22,0.0006254259653814,-0.0069514234080781
1111,2018-10-23,-0.0016619532379477,-0.0090462664591585
1112,2018-10-24,-0.0189362005578426,-0.0264697733289411
1113,2018-10-25,0.012553623779646,0.0141069963001815
1114,2018-10-26,-0.0006110754174662,-0.0096956082987765
1115,2018-10-29,-0.0149570119255628,-0.0084117954342638
1116,2018-10-30,0.0057371932011629,0.0093610639513366
1117,2018-10-31,0.0221510099722419,0.0068535011016234
1118,2018-11-01,0.0283586566417465,0.0191142517533962
1119,2018-11-02,0.0036111276156367,-0.0010455990615587
1120,2018-11-05,0.0088798833570893,-0.0003296140485751
1121,2018-11-06,-0.0016198308915793,0.0043273705188675
1122,2018-11-07,0.003824712989762,0.0143713526261442
1123,2018-11-08,0.0008064326595525,0.0002282237496238
1124,2018-11-09,0.0080686687799097,-0.0134372314888107
1125,2018-11-12,0.007258103533638,-0.015427810828044
1126,2018-11-13,-0.0078431650411648,-0.0019471827703407
1127,2018-11-14,0.0030433611977243,-0.0092496043242763
1128,2018-11-15,0.0507353374551575,0.0089299620375933
1129,2018-11-16,0.0002326667992337,0.0028523712316235
1130,2018-11-19,-0.0021819771515484,-0.0170756352721451
1131,2018-11-20,-0.0002457164700258,-0.0143434367245154
1132,2018-11-21,0.0151586471396415,0.011557626119227
1133,2018-11-23,-0.0049972068513166,0.0011753010100707
1134,2018-11-26,0.003659349390867,0.0045455558775802
1135,2018-11-27,-0.0126347421230804,-0.0067827116973815
1136,2018-11-28,-0.0004239763111939,0.0201215017832289
1137,2018-11-29,0.0216500576429353,-0.0024466436029671
1138,2018-11-30,-0.0099957048195162,0.0024938621342255
1139,2018-12-03,0.0044652340819782,0.0094653773073709
1140,2018-12-04,0.0008224015325684,-0.0319532397555703
1141,2018-12-06,-0.006886278768819,-0.0031159337882581
1142,2018-12-07,0.0036896738183459,-0.0155348403625964
1143,2018-12-10,-0.0161555992883249,-0.0042697213692424
1144,2018-12-11,-0.0083905110366977,-0.0025421531247689
1145,2018-12-12,0.002048107362745,0.0063206337105963
1146,2018-12-13,-0.012556014986111,-0.0104077927679064
1147,2018-12-14,-0.007552062279963,-0.0135737540033654
1148,2018-12-17,0.0016242074009364,-0.025079805868395
1149,2018-12-18,-0.0043260994081339,-0.0076421137776774
1150,2018-12-19,-0.0100741124992009,-0.0146498212473579
1151,2018-12-20,-0.0260951037893395,-0.0237928960342056
1152,2018-12-21,-0.0178875185844732,-0.0216355716857452
1153,2018-12-24,-0.0039378139767909,-0.0147449728709945
1154,2018-12-26,0.0227499114459932,0.030822303811466
1155,2018-12-27,0.0015706360547551,0.0004935778346191
1156,2018-12-28,0.0146640081402629,0.0116637162248656
1157,2018-12-31,0.0067681247538525,0.0057431460962532
1158,2019-01-02,0.0503422441483039,0.0180220133878788
1159,2019-01-03,0.0152460945328214,-0.0117918537517878
1160,2019-01-04,0.0176219188168108,0.0305091757175657
1161,2019-01-07,0.014748202984348,0.0169423691454735
1162,2019-01-08,0.0108249276791939,0.0104789932377874
1163,2019-01-09,0.0002137227017436,0.0096576186955676
1164,2019-01-10,0.0030867289268032,0.0033655538544154
1165,2019-01-11,-0.0051119222578623,0.0038846483481752
1166,2019-01-14,-0.0056419957633679,-0.0066590668881123
1167,2019-01-15,0.0003690504618276,0.0072772937984134
1168,2019-01-16,-0.0014225979881724,0.0044694887047307
1169,2019-01-17,-0.0008510611301699,0.004453704159383
1170,2019-01-18,-0.0045701470134865,0.0103874986234901
1171,2019-01-22,0.0042362447230472,-0.0115389249182882
1172,2019-01-23,0.0095477088700125,-0.002803795702856
1173,2019-01-24,-0.0027553381339344,0.0058711184308463
1174,2019-01-25,0.0003843002624099,0.0106592353276057
1175,2019-01-28,-0.0090262131442473,-0.0038047457306434
1176,2019-01-29,0.0053804692531576,-0.0008038364800144
1177,2019-01-30,0.0048663551018798,0.0113221020620223
1178,2019-01-31,-0.0013328809152014,0.0097426962949442
1179,2019-02-01,0.0029120794429166,0.0022220535019382
1180,2019-02-04,0.0082890091527885,0.0074771426803532
1181,2019-02-05,0.0021529269043526,0.0029098739788533
1182,2019-02-06,-0.0029953478726461,-0.0024255849639797
1183,2019-02-07,0.0010755075837482,-0.0079119341868741
1184,2019-02-08,-0.0039296914194636,-0.0004606673420517
1185,2019-02-11,-0.0026864145918893,0.0048975757467836
1186,2019-02-12,0.0011356425405292,0.0112337824670585
1187,2019-02-13,5.8462006299323487e-05,0.0017855805153341
1188,2019-02-14,0.0022854511447439,-0.0026182624128671
1189,2019-02-15,-0.001310272070342,0.0099457551565309
1190,2019-02-19,0.0017548930888205,0.0063773895362777
1191,2019-02-20,-6.695673156919234e-06,0.0012175328412157
1192,2019-02-21,-0.0001658966723158,-0.0009138682488436
1193,2019-02-22,0.002395215608404,0.0087992674884054
1194,2019-02-25,0.0098339024119021,-0.0009676644638484
1195,2019-02-26,0.0051124626510157,-0.0020753386415775
1196,2019-02-27,0.0012143983551255,0.000502562039539
1197,2019-02-28,0.0035532709017444,-0.0028765743318156
1198,2019-03-01,-0.0007128547684006,0.0100773586780987
1199,2019-03-04,-0.0029314464130407,0.0020603782965318
1200,2019-03-05,0.0040981447735112,-0.0021902210166521
1201,2019-03-06,-0.001875578605037,-0.015984306017532
1202,2019-03-07,-0.0015600506703627,-0.0032975377389123
1203,2019-03-08,0.0071060125755153,-0.0029930584837306
1204,2019-03-11,6.946057625197705e-05,0.0128709527235322
1205,2019-03-12,0.0043941999510314,0.0027969141283599
1206,2019-03-13,-0.0068888636488202,0.0038465740542305
1207,2019-03-14,-0.010809807223061,0.0078942977144701
1208,2019-03-15,0.0019604859460746,0.0038728467798666
1209,2019-03-18,0.0034612646638457,0.0133558608380906
1210,2019-03-19,-0.0021330588510547,-0.000504267558149
1211,2019-03-20,-0.0091668653449205,0.0010086748813903
1212,2019-03-21,3.4580325070125106e-05,0.0047136336814242
1213,2019-03-22,0.0025141588243985,-0.0209485843155022
1214,2019-03-25,0.0009728118161412,-0.0020578858582493
1215,2019-03-26,0.0054547272883298,0.0056139219187746
1216,2019-03-27,0.0083952023217819,-0.0044570384896276
1217,2019-03-28,0.0099317615848919,0.0057752983025043
1218,2019-03-29,-0.0008677856138897,0.0045756182444272
1219,2019-04-01,0.0081590910467789,0.0072574187947105
1220,2019-04-02,0.0037762433665017,-0.0004131447113292
1221,2019-04-03,-0.003336864307946,0.0002869161559369
1222,2019-04-04,-0.0035971947082088,0.0032651108768024
1223,2019-04-05,0.0015187468256701,0.0093055801038983
1224,2019-04-08,0.0037608955968785,0.0002176707878418
1225,2019-04-09,0.0120124233061699,-0.0116390778311823
1226,2019-04-10,-0.0042214117063596,0.0096322097740451
1227,2019-04-11,0.0017048162181074,-0.0015676028407268
1228,2019-04-12,-0.005500903048024,0.0045044499080612
1229,2019-04-15,-0.0043312566901458,-0.0045716542654784
1230,2019-04-16,-0.0069446979952088,0.0028994245895381
1231,2019-04-17,-0.0103010271043023,-0.0052281559383695
1232,2019-04-18,-0.0005879163786057,-0.0012291912496256
1233,2019-04-22,0.0006765626380521,-0.0019357069595384
1234,2019-04-23,0.0049694985607976,0.0096215742215258
1235,2019-04-24,0.001095197107569,0.0003991857155104
1236,2019-04-25,0.0006824649619736,-0.007247458102587
1237,2019-04-26,0.0029811375431208,0.0052556423402792
1238,2019-04-29,0.0052079207324812,0.0028293397258794
1239,2019-04-30,-0.0029438755754632,-0.0015696498514039
1240,2019-05-01,9.372168645443124e-05,-0.0073580307141613
